Gene	Overall V2G	Distance (Canonical TSS)	eQTL	pQTL (Sun, 2018)	DHS-promoter corr (Thurman, 2012)	Enhancer-TSS corr (FANTOM5)	PCHi-C (Javierre, 2016)	VEP (Ensembl)
LINC01713	0.07252747252747252	122711						
AL096799.1	0.05439560439560439	210767						
BMP2	0.0815934065934066	91161						
CASC20	0.01813186813186813	412124						
AL080248.1	0.027197802197802195	399367						
LINC01751	0.01813186813186813	448585						
LINC01428	0.027197802197802195	395355						
LINC01706	0.009065934065934065	488620						