Study	Trait reported	Author	Lead variant	Phenotype	Tissue	Source	H3	H4	log2(H4/H3)	View
[object Object]				ENSG00000171867		GTEX_v7	0.2100926774166301	0.15929492180723254	-0.3993256034539021	
[object Object]				ENSG00000171867		GTEX_v7	0.2918413261608802	0.13964155611612966	-1.063455851427668	