Gene	Molecular trait	Tissue	Source	Lead variant	QTL beta	H3	H4	log2(H4/H3)
SPEF1	ENSG00000101222	Brain substantia nigra	GTEX_v7	20_4014053_G_A	0.395101	0.1237510134628806	0.4962972790486206	2.0037642048388746
SMOX	ENSG00000088826	Monocyte iav	QUACH_2016	20_4175021_C_T	0.111483	0.2058577205667967	0.3664902781121986	0.8321273714333515
PRNP	ENSG00000171867	Esophagus mucosa	GTEX_v7	20_4205917_T_G	0.0112809	0.2918413261608802	0.13964155611612966	-1.063455851427668